<?xml version='1.0' encoding='utf-8'?>

<!DOCTYPE hibernate-configuration PUBLIC
          "-//Hibernate/Hibernate Configuration DTD 3.0//EN"
          "http://hibernate.sourceforge.net/hibernate-configuration-3.0.dtd">

<hibernate-configuration>
  <session-factory>
 <property name="hibernate.cache.provider_class">org.hibernate.cache.EhCacheProvider</property>
 <property name="hibernate.cache.use_second_level_cache">false</property>
 <property name="hibernate.cache.use_query_cache">false</property>
 <property name="hibernate.cache.provider_class">org.hibernate.cache.HashtableCacheProvider</property>  
  </session-factory>
</hibernate-configuration>
