<?xml version="1.0" encoding="UTF-8" ?>
<!DOCTYPE struts PUBLIC
    "-//Apache Software Foundation//DTD Struts Configuration 2.0//EN"
    "http://struts.apache.org/dtds/struts-2.0.dtd">

<struts>
	<!-- 集成spring -->
	<constant name="struts.objectFactory" value="spring"></constant>
	<!-- 指定编码集 -->
	<constant name="struts.i18n.encoding" value="UTF-8" />
	<!-- 设置浏览器是否缓存静态内容,默认值为true(生产环境下使用),开发阶段最好关闭 -->
	<constant name="struts.serve.static.browserCache" value="false" />
	<!-- 当struts的配置文件修改后,系统是否自动重新加载该文件,默认值为false(生产环境下使用),开发阶段最好打开 -->
	<constant name="struts.configuration.xml.reload" value="true" />
	<!-- 开发模式下使用,这样可以打印出更详细的错误信息 -->
	<constant name="struts.devMode" value="false" />
	<!-- 默认的视图主题 -->
	<constant name="struts.ui.theme" value="simple" />
	
	<include file="sino/java/config/sstruts/user.xml"></include>
</struts>
