<?xml version="1.0" encoding='UTF-8'?>
<!DOCTYPE hibernate-mapping PUBLIC
                            "-//Hibernate/Hibernate Mapping DTD 3.0//EN"
                            "http://hibernate.sourceforge.net/hibernate-mapping-3.0.dtd" >

<hibernate-mapping package="sino.java.po">
	<class name="User" table="user">
		<id name="id" column="id">
			<generator class="native"></generator>
		</id>
		<property name="name" column="name" type="java.lang.String"
			not-null="true" length="16"></property>
		<property name="password" column="password" type="java.lang.String"
			not-null="true" length="16" />
	</class>
</hibernate-mapping>

